node_count,elapsed_time,pure_callback_time,objective_bound,objective_value,relative_gap
264305,7201.695449113846,7195.310472011566,534581.7287832188,538078.0,0.0064977033381428476
