node_count,elapsed_time,pure_callback_time,objective_bound,objective_value,relative_gap
169680,7201.867387771606,7194.227724075317,510433.7155817879,510835.0,0.000785546053445976
