node_count,elapsed_time,pure_callback_time,objective_bound,objective_value,relative_gap
59497,7201.468993186951,7192.8429589271545,790790.1597004795,796466.0,0.0071262807194789534
