node_count,elapsed_time,pure_callback_time,objective_bound,objective_value,relative_gap
82205,7201.447890043259,7192.684356927872,762673.0043217875,763623.0,0.0012440637306792666
