node_count,elapsed_time,pure_callback_time,objective_bound,objective_value,relative_gap
71125,7201.472894906998,7193.176160097122,790768.0280250042,796484.0,0.007176505711346118
