node_count,elapsed_time,pure_callback_time,objective_bound,objective_value,relative_gap
211883,7201.394675016403,7195.924792051315,510714.4770454648,511057.0,0.0006702245630824053
