node_count,elapsed_time,pure_callback_time,objective_bound,objective_value,relative_gap
222516,7201.798310041428,7195.153687000275,534538.9487659888,538078.0,0.006577208572012215
