node_count,elapsed_time,pure_callback_time,objective_bound,objective_value,relative_gap
88705,7201.573277950287,7192.658191919327,762672.2367507366,763607.0,0.0012241418023451855
