node_count,elapsed_time,pure_callback_time,objective_bound,objective_value,relative_gap
28905,7203.481778144836,7190.827949047089,879720.8075239009,900026.0,0.022560673220661537
