node_count,elapsed_time,pure_callback_time,objective_bound,objective_value,relative_gap
54293,7201.474110126495,7192.695664167404,790798.0475511329,796466.0,0.007116377157175754
