node_count,elapsed_time,pure_callback_time,objective_bound,objective_value,relative_gap
78062,7201.492466926575,7193.967910051346,881382.8609897005,900366.0,0.02108380259838717
