node_count,elapsed_time,pure_callback_time,objective_bound,objective_value,relative_gap
106332,7201.553534030914,7195.412348985672,535355.4775332662,538060.0,0.005026432863869863
