node_count,elapsed_time,pure_callback_time,objective_bound,objective_value,relative_gap
186691,7201.75737285614,7195.582950115204,510454.721570087,510810.0,0.0006955197234059341
