node_count,elapsed_time,pure_callback_time,objective_bound,objective_value,relative_gap
45457,7201.730581045151,7193.808306932449,882958.8739104667,900026.0,0.018962925614963703
