node_count,elapsed_time,pure_callback_time,objective_bound,objective_value,relative_gap
32514,7201.446283817291,7193.547790050507,791133.5182491039,796143.0,0.00629218840195302
