node_count,elapsed_time,pure_callback_time,objective_bound,objective_value,relative_gap
79479,7201.4112820625305,7194.0849850177765,884785.5208055252,900424.0,0.017367905780470927
