node_count,elapsed_time,pure_callback_time,objective_bound,objective_value,relative_gap
58594,7201.809602975845,7192.454895019531,762970.0785924143,764050.0,0.0014134171946675357
