node_count,elapsed_time,pure_callback_time,objective_bound,objective_value,relative_gap
33665,7201.528677940369,7192.7119398117065,791232.1093267776,796637.0,0.0067846342477469275
