node_count,elapsed_time,pure_callback_time,objective_bound,objective_value,relative_gap
52014,7201.467293024063,7195.401172876358,534459.99431257,537921.0,0.0064340408488050005
