node_count,elapsed_time,pure_callback_time,objective_bound,objective_value,relative_gap
116951,7201.411357879639,7196.050961017609,534919.7647091591,537482.0,0.004767109021029262
