node_count,elapsed_time,pure_callback_time,objective_bound,objective_value,relative_gap
95646,7201.485831975937,7195.236420869827,510768.96375295386,511322.0,0.0010815811700770558
