node_count,elapsed_time,pure_callback_time,objective_bound,objective_value,relative_gap
135701,7201.624100923538,7195.685368061066,510445.39581808663,510813.0,0.0007196453142605373
