node_count,elapsed_time,pure_callback_time,objective_bound,objective_value,relative_gap
68743,7201.682010889053,7193.885059118271,883927.082424805,899732.0,0.017566250366992577
