node_count,elapsed_time,pure_callback_time,objective_bound,objective_value,relative_gap
37340,7201.561374902725,7193.5528519153595,884903.5814996128,901492.0,0.018401071224577948
