node_count,elapsed_time,pure_callback_time,objective_bound,objective_value,relative_gap
30424,7201.59265089035,7192.057620048523,762828.1902690994,763839.0,0.0013233282549078638
