node_count,elapsed_time,pure_callback_time,objective_bound,objective_value,relative_gap
149000,7201.514335155487,7196.262612819672,534665.9096896992,537548.0,0.005361549685424959
