node_count,elapsed_time,pure_callback_time,objective_bound,objective_value,relative_gap
116083,7201.712769985199,7195.682934999466,534110.0835889955,538103.0,0.007420357089636174
