node_count,elapsed_time,pure_callback_time,objective_bound,objective_value,relative_gap
142366,7201.688352108002,7195.380815982819,510706.48376414116,511043.0,0.0006584890818558168
