node_count,elapsed_time,pure_callback_time,objective_bound,objective_value,relative_gap
103184,7202.82911491394,7193.841127157211,534445.0251806943,538232.0,0.007035952561916982
