node_count,elapsed_time,pure_callback_time,objective_bound,objective_value,relative_gap
26543,7203.167817115784,7187.254351139069,762795.1520137942,763992.0,0.0015665713596553761
