node_count,elapsed_time,pure_callback_time,objective_bound,objective_value,relative_gap
40828,7201.724631071091,7192.631145954132,791455.604768611,797193.0,0.007196996500708077
