node_count,elapsed_time,pure_callback_time,objective_bound,objective_value,relative_gap
41785,7201.419933080673,7193.647958993912,881999.2501181575,901024.0,0.021114587271640402
