node_count,elapsed_time,pure_callback_time,objective_bound,objective_value,relative_gap
116540,7201.7168691158295,7194.882134914398,510769.17132834723,511316.0,0.0010694534723199847
