node_count,elapsed_time,pure_callback_time,objective_bound,objective_value,relative_gap
107580,7201.497789144516,7195.67964220047,534827.2153875885,538021.0,0.005936170916026542
