node_count,elapsed_time,pure_callback_time,objective_bound,objective_value,relative_gap
70176,7202.694811105728,7193.4108209609985,534419.7610715975,538067.0,0.006778410362283025
