node_count,elapsed_time,pure_callback_time,objective_bound,objective_value,relative_gap
66691,7201.373399972916,7192.903745889664,762827.8451380953,763777.0,0.0012427120244582915
