node_count,elapsed_time,pure_callback_time,objective_bound,objective_value,relative_gap
36529,7201.553626060486,7193.439765930176,882890.9160612556,900010.0,0.019020993032015626
