node_count,elapsed_time,pure_callback_time,objective_bound,objective_value,relative_gap
41644,7201.440399885178,7193.9049689769745,883203.1153119064,900296.0,0.018985849862815738
