node_count,elapsed_time,pure_callback_time,objective_bound,objective_value,relative_gap
40705,7201.4813759326935,7191.689742088318,762950.53539171,764026.0,0.001407628285280867
