node_count,elapsed_time,pure_callback_time,objective_bound,objective_value,relative_gap
39764,7201.41885304451,7194.006441116333,885028.9972783944,900044.0,0.016682520767435358
