node_count,elapsed_time,pure_callback_time,objective_bound,objective_value,relative_gap
34133,7201.5650589466095,7192.182482004166,762654.0456431864,763605.0,0.0012453485202605671
