node_count,elapsed_time,pure_callback_time,objective_bound,objective_value,relative_gap
70692,7201.489346027374,7194.106008052826,883977.9887723895,899732.0,0.01750967091046058
