node_count,elapsed_time,pure_callback_time,objective_bound,objective_value,relative_gap
108303,7203.055552005768,7193.316543102264,534379.8175814061,538021.0,0.006767732892570928
