node_count,elapsed_time,pure_callback_time,objective_bound,objective_value,relative_gap
123841,7201.617959976196,7195.457545995712,510749.2092700897,511319.0,0.0011143546981635922
