node_count,elapsed_time,pure_callback_time,objective_bound,objective_value,relative_gap
137576,7201.604626893997,7195.812237024307,510853.35792828497,511409.0,0.0010864925562808479
