node_count,elapsed_time,pure_callback_time,objective_bound,objective_value,relative_gap
143966,7201.469439983368,7195.967424869537,510430.5250397956,510841.0,0.0008035278299987441
