node_count,elapsed_time,pure_callback_time,objective_bound,objective_value,relative_gap
24880,7202.913045883179,7188.509796857834,790697.9687840223,796694.0,0.00752614079681501
