node_count,elapsed_time,pure_callback_time,objective_bound,objective_value,relative_gap
26183,7202.923376083374,7187.515296936035,762913.9662607106,764045.0,0.0014803234616932053
