node_count,elapsed_time,pure_callback_time,objective_bound,objective_value,relative_gap
53010,7200.659372091293,7154.669598817825,510858.67731326265,511407.0,0.0010721845550360964
