node_count,elapsed_time,pure_callback_time,objective_bound,objective_value,relative_gap
20058,7207.547240018845,7123.50857591629,534257.5803579441,538021.0,0.006994930759312131
