iter,LB,UB,gap,master_time,sub_time,total_time
1,-4.999998e8,669973.0,74729.84329219237,2.172384171,5.849205812,8.021591186523438
2,-2.014734e7,575968.0,3597.996416467581,2.1766860230000002,6.159793416,8.728448152542114
3,503266.426517631,519427.7752654122,3.111375540039848,2.2030061400000003,12.595221558,15.190790176391602
4,510008.3450284181,511021.6299913147,0.19828612008337662,2.6581965700000003,22.425556710000002,25.48963713645935
5,510547.91933942307,510616.88797145535,0.01350692342085939,3.1460036000000002,28.833434715000003,32.39508414268494
6,510583.76466991677,510593.35711854807,0.0018786865315747487,3.526880343,33.30955188,37.25787305831909
7,510588.0483773307,510591.449628263,0.0006661394221904294,3.645585554,36.750662724,40.8184700012207
8,510592.26224952214,510591.0409706111,-0.0002391892557941116,3.7762552850000004,41.131389234000004,45.33040118217468
