node_count,elapsed_time,pure_callback_time,objective_bound,objective_value,relative_gap
58373,7200.59597992897,7148.825762987137,510750.0295587662,511312.0,0.0010990754006042769
