node_count,elapsed_time,pure_callback_time,objective_bound,objective_value,relative_gap
477,7512.195509195328,7094.79271197319,762804.4722928914,764192.0,0.0018156794458835549
