node_count,elapsed_time,pure_callback_time,objective_bound,objective_value,relative_gap
2,7247.176268815994,6973.062315940857,872757.5773585188,901065.0,0.03141551679565975
