node_count,elapsed_time,pure_callback_time,objective_bound,objective_value,relative_gap
6,7222.92556810379,7084.319182872772,790226.1547074028,797990.0000000003,0.009729251359788391
