node_count,elapsed_time,pure_callback_time,objective_bound,objective_value,relative_gap
183,7904.430909156799,7090.351099014282,762639.7230907446,763900.0,0.001649793047853675
