iter,LB,UB,gap,master_time,sub_time,total_time
1,-7.49979998e8,1.018182e6,73758.7366502256,1.727349323,6.052611059,7.779960870742798
2,-3.3787299e7,1.018182e6,3418.3948449294917,1.75092128,9.120155731,11.097194910049438
3,831871.0082280339,881754.648995187,5.657315311464313,1.807773966,45.952171973999995,47.98704481124878
4,872507.867189137,876961.4880362423,0.5078467991882017,2.938408212,131.19893874299999,134.4298059940338
