iter,LB,UB,gap,master_time,sub_time,total_time
1,-7.49979901e8,1.028543e6,73016.72793456375,3.377744724,10.179392273,13.557139873504639
2,-3.8322049e7,1.028543e6,3825.857742457048,3.414159518,17.297248685,21.11657691001892
3,828646.8827684202,879793.6845473462,5.813499537137627,3.51406873,81.773399168,85.69387984275818
4,870117.5777392965,874678.4471810267,0.5214338430801952,5.411394392,221.020348907,226.93768405914307
