iter,LB,UB,gap,master_time,sub_time,total_time
1,-7.49979998e8,1.017899e6,73779.21552138278,1.635930071,5.725125536,7.3610570430755615
2,-3.4392962e7,1.017899e6,3478.8187236651183,1.660475895,9.890826026,11.771202087402344
3,831299.1050388424,880098.6156795288,5.544777570523505,1.7448344900000001,43.565933266,45.53169107437134
4,870599.4489208615,875030.1478083078,0.5063481410947847,2.8948184120000002,125.943501998,129.13082313537598
