iter,LB,UB,gap,master_time,sub_time,total_time
1,-7.499998e8,1.008047e6,74501.2729565189,1.694495163,5.64406226,7.338558197021484
2,-4.6773452e7,863939.0,5513.97621822837,1.70301667,8.552197881,10.479871034622192
3,753521.4826687487,776563.8700372565,2.9672237220361946,1.758175958,30.21864988,32.20230221748352
4,761807.7758306365,763383.1975048294,0.2063736376884188,3.035864892,66.54599838600001,69.83506512641907
5,762680.71587937,762786.6105442583,0.013882606671964648,4.50429394,85.50987586600002,90.27837705612183
6,762731.9147814224,762746.6551084885,0.0019325325083285,5.85701044,99.08248337500001,105.20728802680969
