node_count,elapsed_time,pure_callback_time,objective_bound,objective_value,relative_gap
2304,7226.2592420578,7060.229140996933,790256.0398302969,796585.0000000002,0.007945115925737175
