iter,LB,UB,gap,master_time,sub_time,total_time
1,-7.49997991e8,1.010453e6,74323.93629391966,1.73330538,5.897075532,7.630382061004639
2,-4.8356819e7,1.010453e6,4885.657422957822,1.751398088,10.418801143,12.416357040405273
3,767358.8676942228,800240.1334003396,4.108924850644443,1.807060781,41.341290064999995,43.395456075668335
4,787071.2954018407,790238.1950319592,0.40075253892156315,3.149202048,95.93672189399999,99.37537407875061
5,789418.1895255162,789782.7334613443,0.04615749628133265,4.466818342,134.983073473,139.77085900306702
