node_count,elapsed_time,pure_callback_time,objective_bound,objective_value,relative_gap
4,7277.729332923889,7065.570194005966,875840.5015004737,911433.0,0.039051140895190635
