iter,LB,UB,gap,master_time,sub_time,total_time
1,-7.499998e8,990921.0,75787.14357653134,1.819397095,6.029113601,7.848510980606079
2,-4.2573567e7,861829.0,5039.9088450261015,1.82909058,10.959818192,13.024405002593994
3,753818.479151359,774076.6846374964,2.617079920915643,1.884639883,34.428951032,36.55003595352173
4,761925.5165833656,763078.3739387055,0.1510798097172286,3.079721336,70.274342046,73.61829400062561
5,762585.9319913159,762687.7530035089,0.013350288082116272,4.375838771,96.996123472,101.64648985862732
