iter,LB,UB,gap,master_time,sub_time,total_time
1,-7.49998e8,1.00608e6,74646.55693384224,1.969533026,6.595623247,8.565158128738403
2,-4.5499597e7,1.00608e6,4622.4631242048345,1.987220823,11.331188231999999,13.583388090133667
3,767438.5844949253,800589.5120877081,4.140814623755769,2.04760107,38.468309523,40.78177094459534
4,787522.6854616717,790634.4576512905,0.3935791261694839,3.3481192989999995,112.02966922,115.68081712722778
