iter,LB,UB,gap,master_time,sub_time,total_time
1,-7.49979988e8,1.028964e6,72986.90255441394,1.654846052,5.840097787,7.494945049285889
2,-3.6248819e7,1.028964e6,3622.8461831512086,1.6793853269999999,7.659790556000001,9.56597900390625
3,831133.1486959208,880575.7457965781,5.614803421133408,1.7589422769999998,50.358297758999996,52.34514617919922
4,872906.970886594,877097.7500695715,0.47780069925445545,2.973359161,131.442191737,134.71661496162415
