iter,LB,UB,gap,master_time,sub_time,total_time
1,-7.499998e8,991989.0,75705.65691756662,1.649576411,5.485852793,7.135429859161377
2,-4.2909773e7,862944.0,5072.486395409203,1.657785487,8.240569473,10.111891984939575
3,753886.5307470547,774625.5395711975,2.6772947398071913,1.715997678,25.57284168,27.50318694114685
4,761816.6338918109,762900.1847904726,0.14203049366927514,2.8083944169999997,59.441191186,62.48862290382385
5,762412.0080711285,762515.3516601725,0.01355298471289008,4.026547344,75.676690881,79.9521369934082
6,762456.8716233809,762473.3572559573,0.0021621257214451757,5.0540391190000005,88.41417382099999,93.71986293792725
7,762462.402436365,762467.9883798597,0.0007326135103140459,5.515385105,102.92136184399999,108.69006085395813
