node_count,elapsed_time,pure_callback_time,objective_bound,objective_value,relative_gap
2,7252.881165027618,7070.869176864624,873511.6030907418,902246.0,0.031847630146609913
