iter,LB,UB,gap,master_time,sub_time,total_time
1,-7.49998e8,994852.0,75487.89689320623,2.164170474,5.419268309,7.583440065383911
2,-4.2978986e7,994852.0,4420.138673893202,2.186837915,10.387968224,13.008982181549072
3,768017.5278263926,799567.9705418486,3.945936290328765,2.248029807,37.4967563,40.17989897727966
4,787007.6543554441,790112.7876129092,0.3929987346295615,3.500570256,68.61857483,72.59460210800171
5,789283.0790093411,789760.5730909557,0.06046061273302676,4.813767815,108.24156399099999,113.5535581111908
