node_count,elapsed_time,pure_callback_time,objective_bound,objective_value,relative_gap
10374,7200.624371051788,7091.309939146042,762637.6633201598,763586.0,0.0012419513713455032
