node_count,elapsed_time,pure_callback_time,objective_bound,objective_value,relative_gap
162960,7201.71969294548,7195.038089990616,510447.2668614835,510835.0,0.0007590183494014447
