node_count,elapsed_time,pure_callback_time,objective_bound,objective_value,relative_gap
78473,7201.435790061951,7194.318811893463,884761.3552679333,900424.0,0.017394743734137096
