node_count,elapsed_time,pure_callback_time,objective_bound,objective_value,relative_gap
57834,7201.640267133713,7192.7291259765625,762850.3241945226,763848.0,0.0013061182401177005
