node_count,elapsed_time,pure_callback_time,objective_bound,objective_value,relative_gap
190580,7201.511443138123,7195.672446012497,510875.98163006327,511423.0,0.001069600643570456
