node_count,elapsed_time,pure_callback_time,objective_bound,objective_value,relative_gap
222476,7201.485914230347,7195.781685113907,534795.936269403,537548.0,0.005119661370886004
