node_count,elapsed_time,pure_callback_time,objective_bound,objective_value,relative_gap
70905,7201.505558013916,7193.7440848350525,881337.1548821526,900602.0,0.021391075211744402
