node_count,elapsed_time,pure_callback_time,objective_bound,objective_value,relative_gap
77745,7201.494218826294,7192.212089061737,762670.1727788249,763623.0,0.0012477717684971164
