node_count,elapsed_time,pure_callback_time,objective_bound,objective_value,relative_gap
63798,7201.72367811203,7192.8580930233,791309.2907679706,796685.0,0.006747596894669019
