node_count,elapsed_time,pure_callback_time,objective_bound,objective_value,relative_gap
74915,7201.606262922287,7193.660976886749,881305.6554132579,900366.0,0.02116955170091064
