node_count,elapsed_time,pure_callback_time,objective_bound,objective_value,relative_gap
67436,7201.514277935028,7194.251715183258,882687.273392601,902151.0,0.021574799127195936
