node_count,elapsed_time,pure_callback_time,objective_bound,objective_value,relative_gap
47381,7202.792065858841,7190.599925994873,882084.6433294296,901024.0,0.021019813756981434
