node_count,elapsed_time,pure_callback_time,objective_bound,objective_value,relative_gap
53873,7201.729740142822,7191.6554589271545,762807.102516717,764022.0,0.0015901341627374017
