node_count,elapsed_time,pure_callback_time,objective_bound,objective_value,relative_gap
22964,7201.495774030685,7192.868532896042,791155.8461129817,796403.0,0.0065885661995476255
