node_count,elapsed_time,pure_callback_time,objective_bound,objective_value,relative_gap
25284,7201.516242027283,7192.932741880417,791950.466197042,797215.0,0.006603656231954958
