node_count,elapsed_time,pure_callback_time,objective_bound,objective_value,relative_gap
26327,7201.718290090561,7191.052757024765,762809.5186829042,763888.0,0.001411831730693253
