node_count,elapsed_time,pure_callback_time,objective_bound,objective_value,relative_gap
200534,7201.696951150894,7195.301989078522,510443.85211453034,510844.0,0.0007833074000471014
