node_count,elapsed_time,pure_callback_time,objective_bound,objective_value,relative_gap
233480,7201.653542995453,7195.213703870773,510865.3801044747,511414.0,0.0010727510305257122
