node_count,elapsed_time,pure_callback_time,objective_bound,objective_value,relative_gap
57978,7201.468768119812,7193.019458055496,791575.5180463715,797300.0,0.007179834383078486
