node_count,elapsed_time,pure_callback_time,objective_bound,objective_value,relative_gap
52795,7201.613194942474,7192.637811183929,762808.7724970169,764164.0,0.0017734772941188845
