node_count,elapsed_time,pure_callback_time,objective_bound,objective_value,relative_gap
55621,7201.590435028076,7191.521270990372,762704.2439177275,763756.0,0.0013770838884048127
