node_count,elapsed_time,pure_callback_time,objective_bound,objective_value,relative_gap
222284,7201.506215810776,7195.836920976639,534795.6932731954,537548.0,0.005120113416484825
