node_count,elapsed_time,pure_callback_time,objective_bound,objective_value,relative_gap
199190,7201.756066799164,7195.241547822952,510877.9012657987,511414.0,0.0010482676152809294
