node_count,elapsed_time,pure_callback_time,objective_bound,objective_value,relative_gap
56465,7201.505923032761,7193.92166686058,879944.5451236735,900026.0,0.0223120830690741
