node_count,elapsed_time,pure_callback_time,objective_bound,objective_value,relative_gap
75727,7201.557024002075,7193.411827087402,881329.3965766215,900366.0,0.021143183353634572
