node_count,elapsed_time,pure_callback_time,objective_bound,objective_value,relative_gap
62997,7201.52737402916,7192.802486896515,791284.7392035705,796531.0,0.006586386212751886
