node_count,elapsed_time,pure_callback_time,objective_bound,objective_value,relative_gap
69889,7201.572289943695,7193.553674936295,881309.177739487,900295.0,0.021088445743354087
