node_count,elapsed_time,pure_callback_time,objective_bound,objective_value,relative_gap
88231,7201.715883016586,7192.894059181213,883151.8783079309,901453.0,0.02030180352394313
