node_count,elapsed_time,pure_callback_time,objective_bound,objective_value,relative_gap
61714,7201.478616952896,7192.111617088318,762721.5021222297,763763.0,0.0013636401315202966
