{"n_facilities":2,"n_customers":5,"capacities":[142.0,218.0],"demands":[9.0,5.0,17.0,6.0,35.0],"fixed_costs":[1031.0,1182.0],"costs":[[25.505995,30.145428,52.799755,35.771408,225.78322],[22.720188,14.680108,70.131874,30.25344,54.291534]]}