{"n_facilities":2,"n_customers":5,"capacities":[352.0,313.0],"demands":[21.0,31.0,12.0,35.0,34.0],"fixed_costs":[1360.0,1382.0],"costs":[[64.32062,97.25312,36.289402,136.91434,218.33629],[34.538273,76.802185,40.96532,94.11818,169.82054]]}