{"n_facilities":2,"n_customers":5,"capacities":[250.0,200.0],"demands":[15.0,13.0,21.0,26.0,15.0],"fixed_costs":[1224.0,1147.0],"costs":[[100.20018,73.07308,121.686966,73.13546,51.587055],[80.11684,82.362854,69.468124,55.57877,84.660706]]}