{"n_facilities":2,"n_customers":5,"capacities":[213.0,232.0],"demands":[26.0,25.0,9.0,21.0,8.0],"fixed_costs":[545.0,617.0],"costs":[[155.8113,27.42925,26.21862,65.95057,31.400053],[99.18275,100.04047,13.550051,57.634262,34.2655]]}