{"n_facilities":2,"n_customers":5,"capacities":[243.0,87.0],"demands":[21.0,13.0,9.0,12.0,11.0],"fixed_costs":[1168.0,763.0],"costs":[[205.39218,59.50903,61.47688,56.037106,25.138794],[189.79535,91.5163,42.495663,85.91261,37.309456]]}