{"n_facilities":2,"n_customers":5,"capacities":[379.0,96.0],"demands":[27.0,35.0,8.0,8.0,17.0],"fixed_costs":[1117.0,666.0],"costs":[[61.10718,261.57983,42.943428,2.9300613,33.562218],[82.31047,212.33664,25.921236,16.049128,69.07331]]}