node_count,elapsed_time,pure_callback_time,objective_bound,objective_value,relative_gap
106440,7201.663801908493,7195.901518106461,535359.9128006654,538276.0,0.0054174572140215
