node_count,elapsed_time,pure_callback_time,objective_bound,objective_value,relative_gap
57338,7201.617390155792,7194.632696866989,886324.2075542923,902857.0,0.018311640099935775
