node_count,elapsed_time,pure_callback_time,objective_bound,objective_value,relative_gap
21286,7202.930555105209,7189.944296121597,791919.4166154722,797148.0,0.00655911246660322
