node_count,elapsed_time,pure_callback_time,objective_bound,objective_value,relative_gap
34339,7201.61016201973,7193.537316083908,791271.576691148,796446.0,0.006496891576895372
