node_count,elapsed_time,pure_callback_time,objective_bound,objective_value,relative_gap
66340,7201.518565893173,7193.761678934097,885829.7368131157,900044.0,0.015792853668136608
