node_count,elapsed_time,pure_callback_time,objective_bound,objective_value,relative_gap
116875,7201.607726097107,7196.426905870438,534920.5398518358,537482.0,0.0047656668468231255
