node_count,elapsed_time,pure_callback_time,objective_bound,objective_value,relative_gap
127472,7201.786712169647,7195.75785112381,510719.15364457655,511059.0,0.0006649845818652006
