node_count,elapsed_time,pure_callback_time,objective_bound,objective_value,relative_gap
71619,7202.936450958252,7192.9583151340485,510749.64262761385,511291.0,0.0010588048144523335
