node_count,elapsed_time,pure_callback_time,objective_bound,objective_value,relative_gap
17149,7201.598170042038,7193.520125865936,791037.9584158865,796157.0,0.006429688596738451
