node_count,elapsed_time,pure_callback_time,objective_bound,objective_value,relative_gap
41470,7201.426572084427,7193.14772105217,762803.7736011823,763788.0,0.0012886120216836728
