node_count,elapsed_time,pure_callback_time,objective_bound,objective_value,relative_gap
71280,7201.462730169296,7193.637178897858,883986.4587163095,899732.0,0.017500257058424604
