node_count,elapsed_time,pure_callback_time,objective_bound,objective_value,relative_gap
43044,7201.437294960022,7192.473962068558,762953.9197944301,764028.0,0.001405812621487509
