node_count,elapsed_time,pure_callback_time,objective_bound,objective_value,relative_gap
40840,7201.534583091736,7193.320431947708,883176.4289138241,900296.0,0.019015491667380344
