node_count,elapsed_time,pure_callback_time,objective_bound,objective_value,relative_gap
34100,7201.531081914902,7192.294305086136,762654.0456431864,763605.0,0.0012453485202605671
