node_count,elapsed_time,pure_callback_time,objective_bound,objective_value,relative_gap
30232,7202.104984045029,7192.009176969528,791594.7461194659,796531.0,0.00619718991543843
