node_count,elapsed_time,pure_callback_time,objective_bound,objective_value,relative_gap
86255,7201.47585105896,7195.6527581214905,534805.0185225419,538090.0,0.0061048922623690195
