node_count,elapsed_time,pure_callback_time,objective_bound,objective_value,relative_gap
23195,7201.510881900787,7193.169024944305,791075.7429122182,796350.0,0.006623038975050909
