node_count,elapsed_time,pure_callback_time,objective_bound,objective_value,relative_gap
31707,7201.601040124893,7194.557578802109,884744.9991422455,902402.0,0.019566668577590134
