node_count,elapsed_time,pure_callback_time,objective_bound,objective_value,relative_gap
22178,7201.523199796677,7192.87983417511,791527.9972489802,796454.0,0.006184918088200678
