node_count,elapsed_time,pure_callback_time,objective_bound,objective_value,relative_gap
40005,7201.536761045456,7191.78542304039,762950.53539171,764028.0,0.0014102423056353952
