node_count,elapsed_time,pure_callback_time,objective_bound,objective_value,relative_gap
38072,7201.420882940292,7192.831928014755,762729.987091632,763733.0,0.001313303089388598
