{"n_facilities":2,"n_customers":5,"capacities":[214.0,321.0],"demands":[29.0,20.0,23.0,9.0,26.0],"fixed_costs":[724.0,872.0],"costs":[[111.839165,120.765434,138.9453,37.660797,127.32261],[25.132414,92.09391,103.53968,48.143627,103.75309]]}