{"n_facilities":2,"n_customers":5,"capacities":[187.0,538.0],"demands":[21.0,34.0,34.0,35.0,21.0],"fixed_costs":[707.0,1171.0],"costs":[[184.02386,304.64517,256.2189,241.7077,88.79982],[71.754974,149.13542,109.11809,152.05556,108.420265]]}