{"n_facilities":2,"n_customers":5,"capacities":[187.0,158.0],"demands":[11.0,6.0,22.0,16.0,14.0],"fixed_costs":[1290.0,1130.0],"costs":[[69.3965,25.688356,80.713104,135.40652,26.260874],[7.766509,41.426476,68.88506,84.08764,115.15065]]}