{"n_facilities":2,"n_customers":5,"capacities":[64.0,521.0],"demands":[9.0,31.0,29.0,35.0,13.0],"fixed_costs":[504.0,1191.0],"costs":[[34.61427,135.87979,36.483574,116.82287,48.448154],[64.56269,49.252113,130.78342,310.55917,61.289463]]}