node_count,elapsed_time,pure_callback_time,objective_bound,objective_value,relative_gap
145230,7201.505440950394,7195.792388916016,535041.07719451,538067.0,0.005623691483569837
