node_count,elapsed_time,pure_callback_time,objective_bound,objective_value,relative_gap
119539,7201.539582014084,7195.660042047501,534513.7646583376,537905.0,0.00630452466822659
