node_count,elapsed_time,pure_callback_time,objective_bound,objective_value,relative_gap
115458,7201.527144908905,7195.313472032547,534108.7686832802,538103.0,0.0074228006844782235
