node_count,elapsed_time,pure_callback_time,objective_bound,objective_value,relative_gap
126785,7201.561024904251,7195.5197830200195,510745.1127785949,511291.0,0.001067664444328392
