node_count,elapsed_time,pure_callback_time,objective_bound,objective_value,relative_gap
136221,7201.534269094467,7195.750215053558,510428.64069947,510810.0,0.0007465775934887564
