node_count,elapsed_time,pure_callback_time,objective_bound,objective_value,relative_gap
158780,7201.4638550281525,7195.719332933426,510710.54520034563,511043.0,0.0006505417345592634
