node_count,elapsed_time,pure_callback_time,objective_bound,objective_value,relative_gap
145273,7201.501697063446,7195.881128072739,534656.7835683346,537681.0,0.00562455513894921
