node_count,elapsed_time,pure_callback_time,objective_bound,objective_value,relative_gap
37053,7201.508332014084,7192.290803909302,762705.9295720988,763637.0,0.0012192578776319479
