node_count,elapsed_time,pure_callback_time,objective_bound,objective_value,relative_gap
47649,7201.417474031448,7193.01616692543,791198.8032140161,796591.0,0.006769090770525729
