node_count,elapsed_time,pure_callback_time,objective_bound,objective_value,relative_gap
40452,7201.43222784996,7192.430752038956,762768.7395184451,763733.0,0.0012625622849279765
