node_count,elapsed_time,pure_callback_time,objective_bound,objective_value,relative_gap
38225,7201.400271177292,7192.281085968018,762811.4289692023,763827.0,0.0013295825243120098
