node_count,elapsed_time,pure_callback_time,objective_bound,objective_value,relative_gap
54831,7201.529224872589,7192.894228935242,790674.8275929355,796003.0,0.006693658701116038
