node_count,elapsed_time,pure_callback_time,objective_bound,objective_value,relative_gap
40509,7201.743359088898,7191.478175878525,791453.7756105184,797193.0,0.0071992909991452384
