node_count,elapsed_time,pure_callback_time,objective_bound,objective_value,relative_gap
35721,7201.460521221161,7193.643838882446,880383.0640828161,900043.0,0.021843329615567113
