node_count,elapsed_time,pure_callback_time,objective_bound,objective_value,relative_gap
38175,7201.519658088684,7193.76179599762,881999.2501181575,901024.0,0.021114587271640402
