node_count,elapsed_time,pure_callback_time,objective_bound,objective_value,relative_gap
50606,7201.4920699596405,7192.713770866394,762657.1742705365,763639.0,0.0012857197307412037
