node_count,elapsed_time,pure_callback_time,objective_bound,objective_value,relative_gap
31132,7201.536012172699,7193.283748149872,880350.7784007428,900306.0,0.022164932366614463
