node_count,elapsed_time,pure_callback_time,objective_bound,objective_value,relative_gap
25553,7201.511138916016,7193.990789890289,882414.0803968376,902496.0,0.02225153308509117
