node_count,elapsed_time,pure_callback_time,objective_bound,objective_value,relative_gap
40535,7201.488719940186,7192.929446935654,790673.1005246373,796391.0,0.007179764054795613
