node_count,elapsed_time,pure_callback_time,objective_bound,objective_value,relative_gap
26925,7201.526803970337,7194.119410037994,879825.2055449814,900357.0,0.02280405933981586
