iter,LB,UB,gap,master_time,sub_time,total_time
1,-4.999998e8,668015.0,74948.588729295,2.525860486,6.964531094,9.490392923355103
2,-2.0431755e7,574837.0,3654.356278388482,2.53144506,7.370566285,10.13355803489685
3,503443.7235645988,518628.05529285944,2.927788339503984,2.566636639,14.855434906,17.654474020004272
4,509972.03640635393,510861.30075549515,0.17407158221343327,3.117227212,26.225996150999997,29.591161012649536
5,510451.443359001,510521.94763712405,0.013810234496155985,3.697961132,33.144544290999995,37.09750294685364
6,510483.362021168,510493.9019950825,0.0020646620602743997,4.073622772,39.35236630399999,43.683403968811035
7,510489.3463474766,510490.79787012667,0.0002843386513795716,4.24901537,44.36328037999999,48.870890855789185
8,510491.00943868794,510490.07216359844,-0.000183603000451255,4.338911664,50.00422362999999,54.60266590118408
