node_count,elapsed_time,pure_callback_time,objective_bound,objective_value,relative_gap
60400,7200.722294807434,7145.397334098816,510782.227275335,511241.0,0.0008973707599058033
