node_count,elapsed_time,pure_callback_time,objective_bound,objective_value,relative_gap
20010,7200.657129049301,7118.231858968735,533943.7396174269,538095.0,0.007714735098027522
