node_count,elapsed_time,pure_callback_time,objective_bound,objective_value,relative_gap
20999,7200.584769010544,7122.105133056641,534855.3820966207,538067.0,0.005968806679055316
