node_count,elapsed_time,pure_callback_time,objective_bound,objective_value,relative_gap
53010,7200.603541851044,7155.94974398613,510858.67731326265,511407.0,0.0010721845550360964
