node_count,elapsed_time,pure_callback_time,objective_bound,objective_value,relative_gap
19905,7228.150296926498,7118.982059001923,534257.5803579441,538021.0,0.006994930759312131
