node_count,elapsed_time,pure_callback_time,objective_bound,objective_value,relative_gap
96073,7200.625858068466,7150.178953886032,510745.22509836603,511008.0,0.000514228547564746
