node_count,elapsed_time,pure_callback_time,objective_bound,objective_value,relative_gap
56279,7200.611371040344,7150.410427093506,510747.5413428224,511312.0,0.0011039417365083795
