node_count,elapsed_time,pure_callback_time,objective_bound,objective_value,relative_gap
20763,7200.584138870239,7114.511158943176,534361.063962502,537482.0,0.005806587081051912
