node_count,elapsed_time,pure_callback_time,objective_bound,objective_value,relative_gap
509,7302.870120048523,6971.5052218437195,762792.7123557568,764224.0,0.001872864034946844
