node_count,elapsed_time,pure_callback_time,objective_bound,objective_value,relative_gap
5256,7204.994168043137,6893.257162094116,790362.1378674229,796468.0,0.0076661738231505955
