node_count,elapsed_time,pure_callback_time,objective_bound,objective_value,relative_gap
9,7257.417459011078,6235.503435134888,875894.543511601,1.009817e6,0.13262052083535822
