node_count,elapsed_time,pure_callback_time,objective_bound,objective_value,relative_gap
6157,7200.637356042862,6949.649147033691,790507.4852414791,796813.0000000014,0.007913418529218601
