node_count,elapsed_time,pure_callback_time,objective_bound,objective_value,relative_gap
4170,7209.2654938697815,6901.594476938248,790820.4830905055,796479.9999999999,0.007105661045468077
