node_count,elapsed_time,pure_callback_time,objective_bound,objective_value,relative_gap
4464,7200.620923995972,6947.93878698349,791245.9076101496,797626.0,0.007998852080862973
