node_count,elapsed_time,pure_callback_time,objective_bound,objective_value,relative_gap
8,7246.971802949905,6374.727205991745,874533.3837826592,1.004726e6,0.1295802200971616
