node_count,elapsed_time,pure_callback_time,objective_bound,objective_value,relative_gap
21195,7200.651870012283,7019.547393083572,762777.354206858,763875.0000000005,0.0014369442554639108
