node_count,elapsed_time,pure_callback_time,objective_bound,objective_value,relative_gap
877,7247.162711858749,7079.29626584053,762713.5765920506,764214.0,0.001963355039229052
