node_count,elapsed_time,pure_callback_time,objective_bound,objective_value,relative_gap
492,7216.445718050003,6717.968186855316,874690.4773120546,900062.0,0.028188638880372013
