iter,LB,UB,gap,master_time,sub_time,total_time
1,-7.499998e8,990921.0,75787.14357653134,1.892234931,6.424651756,8.316888093948364
2,-4.2573567e7,861829.0,5039.9088450261015,1.900477737,10.294760409,12.433608055114746
3,753868.9060391136,774158.1052284226,2.6208082111757256,1.9556895449999998,28.432964302000002,30.627794981002808
4,761802.14276381,763110.5196829429,0.17145313626085176,2.939989369,51.123623636000005,54.32323908805847
5,762592.9484333098,762674.0864372082,0.010638620787218191,4.060857188,66.31459344400001,70.64286994934082
6,762633.9636188766,762642.7192231318,0.0011480610821340438,5.041739013,74.40198788800001,79.71378707885742
7,762636.2502104323,762640.3665574918,0.0005397494336776336,5.298635415,87.78818181300001,93.35789108276367
8,762637.9362288984,762639.0760771747,0.00014946103761871073,5.510248095,104.279014153,110.06134009361267
9,762638.5891057906,762638.502859619,-1.1308919139744078e-5,5.640661172,114.79011387400001,120.7037341594696
