node_count,elapsed_time,pure_callback_time,objective_bound,objective_value,relative_gap
93136,7201.4700129032135,7195.7536861896515,535377.8400911608,538067.0,0.004997816087660369
