node_count,elapsed_time,pure_callback_time,objective_bound,objective_value,relative_gap
132408,7201.665858030319,7195.758766174316,510720.67437117413,511049.0,0.0006424543024756349
