node_count,elapsed_time,pure_callback_time,objective_bound,objective_value,relative_gap
102440,7201.663165807724,7195.514785051346,510879.9488309635,511428.0,0.00107160962840611
