node_count,elapsed_time,pure_callback_time,objective_bound,objective_value,relative_gap
22685,7201.55658698082,7192.610339164734,791533.812383358,796454.0,0.0061776168073008385
