node_count,elapsed_time,pure_callback_time,objective_bound,objective_value,relative_gap
25989,7201.477483987808,7193.0530161857605,791954.7385959319,797215.0,0.006598297076783668
