node_count,elapsed_time,pure_callback_time,objective_bound,objective_value,relative_gap
18190,7202.689368009567,7189.193440914154,791104.0957044804,796436.0,0.006694705281428233
