node_count,elapsed_time,pure_callback_time,objective_bound,objective_value,relative_gap
217202,7201.44717502594,7196.3220229148865,535151.2970422668,538239.0,0.005736676379328114
