node_count,elapsed_time,pure_callback_time,objective_bound,objective_value,relative_gap
273180,7201.487648010254,7195.66294002533,534589.1454792101,538021.0,0.006378662767419727
