node_count,elapsed_time,pure_callback_time,objective_bound,objective_value,relative_gap
214680,7201.441220998764,7196.142201185226,510714.20367087104,511058.0,0.0006727148956262564
