node_count,elapsed_time,pure_callback_time,objective_bound,objective_value,relative_gap
177780,7201.470029115677,7195.615355968475,510757.9270250251,511281.0,0.0010230635892491046
