node_count,elapsed_time,pure_callback_time,objective_bound,objective_value,relative_gap
60750,7201.609695196152,7191.784307003021,762932.3423960535,763999.0,0.0013961505236872224
