node_count,elapsed_time,pure_callback_time,objective_bound,objective_value,relative_gap
63695,7201.53834605217,7192.880872964859,790819.443406119,796497.0,0.00712815816491586
