node_count,elapsed_time,pure_callback_time,objective_bound,objective_value,relative_gap
67980,7201.545850992203,7193.022282838821,790753.5396051866,796484.0,0.007194696183242156
