node_count,elapsed_time,pure_callback_time,objective_bound,objective_value,relative_gap
124314,7201.521122932434,7195.600651979446,510869.20971454214,511390.0,0.0010183818327653197
