node_count,elapsed_time,pure_callback_time,objective_bound,objective_value,relative_gap
27628,7203.036684989929,7189.185541152954,791879.0068602345,797148.0,0.006609805380889694
