node_count,elapsed_time,pure_callback_time,objective_bound,objective_value,relative_gap
37475,7201.494961023331,7192.681068897247,791254.551164998,796884.0,0.007064326595843341
