node_count,elapsed_time,pure_callback_time,objective_bound,objective_value,relative_gap
58700,7201.524071931839,7191.934812068939,762838.7631393746,763795.0,0.001251954857815835
