node_count,elapsed_time,pure_callback_time,objective_bound,objective_value,relative_gap
84890,7201.559571027756,7196.22466301918,535301.6572810108,538067.0,0.005139402191528636
