node_count,elapsed_time,pure_callback_time,objective_bound,objective_value,relative_gap
75940,7201.560162067413,7195.882776021957,534841.6412544118,537850.0,0.005593304351749042
