node_count,elapsed_time,pure_callback_time,objective_bound,objective_value,relative_gap
81442,7201.699373006821,7194.382200956345,510757.658344473,511259.0,0.0009806021126806737
