node_count,elapsed_time,pure_callback_time,objective_bound,objective_value,relative_gap
142395,7201.440332889557,7195.754297018051,510446.07293078664,510852.0,0.0007946079671085905
