node_count,elapsed_time,pure_callback_time,objective_bound,objective_value,relative_gap
31095,7201.415979862213,7193.048847913742,762768.7539035231,763785.0,0.0013305394796662834
