node_count,elapsed_time,pure_callback_time,objective_bound,objective_value,relative_gap
25225,7201.500490903854,7193.010862827301,791936.662215808,797088.0,0.006462696445300823
