node_count,elapsed_time,pure_callback_time,objective_bound,objective_value,relative_gap
29070,7201.509996175766,7191.680504083633,762933.6156519433,764049.0,0.0014598335290756804
