node_count,elapsed_time,pure_callback_time,objective_bound,objective_value,relative_gap
34366,7201.588292121887,7193.746905088425,882792.7329596088,900010.0,0.019130084155055186
