node_count,elapsed_time,pure_callback_time,objective_bound,objective_value,relative_gap
25830,7201.446908950806,7193.128318071365,791081.940743281,795963.0,0.006132269033509044
