node_count,elapsed_time,pure_callback_time,objective_bound,objective_value,relative_gap
34110,7201.508104085922,7193.735819101334,882630.2251967943,899878.0,0.01916679239097493
